https://ygtcprod2.personifycloud.com/personifyebusiness/YMCA/PersonalTraining.aspx?pid=141556302,141556302,MISC,14_PT_1_SESS_30_MIN,14_PT_1_SESS_30_MIN,14_PT_NMP_1_SESS_30_MIN,14 BL Personal Training 30 Minute - 1,I,PT,14,A,,50.00,70.00
https://ygtcprod2.personifycloud.com/personifyebusiness/YMCA/PersonalTraining.aspx?pid=141556450,141556450,MISC,14_PT_1_SESS_60_MIN,14_PT_1_SESS_60_MIN,14_PT_NMP_1_SESS_60_MIN,14 BL Personal Training 60 Minute - 1,I,PT,14,A,,75.00,95.00
https://ygtcprod2.personifycloud.com/personifyebusiness/YMCA/PersonalTraining.aspx?pid=141556500,141556500,MISC,14_PT_12_SESS_30_MIN,14_PT_12_SESS_30_MIN,14_PT_NMP_12_SESS_30_MIN,14 BL Personal Training 30 Minute - 12,I,PT,14,A,,480.00,720.00
https://ygtcprod2.personifycloud.com/personifyebusiness/YMCA/PersonalTraining.aspx?pid=141744183,141744183,MISC,14_PT_12_SESS_60_MIN,14_PT_12_SESS_60_MIN,14_PT_NMP_12_SESS_60_MIN,14 BL Personal Training 60 Minute - 12,I,PT,14,A,,780.00,1020.00
https://ygtcprod2.personifycloud.com/personifyebusiness/YMCA/PersonalTraining.aspx?pid=141744222,141744222,MISC,14_PT_20_SESS_30_MIN,14_PT_20_SESS_30_MIN,14_PT_NMP_20_SESS_30_MIN,14 BL Personal Training 30 Minute - 20,I,PT,14,A,,640.00,1040.00
https://ygtcprod2.personifycloud.com/personifyebusiness/YMCA/PersonalTraining.aspx?pid=141744237,141744237,MISC,14_PT_20_SESS_60_MIN,14_PT_20_SESS_60_MIN,14_PT_NMP_20_SESS_60_MIN,14 BL Personal Training 60 Minute - 20,I,PT,14,A,,1099.00,1499.00
https://ygtcprod2.personifycloud.com/personifyebusiness/YMCA/PersonalTraining.aspx?pid=180644350,180644350,MISC,14_PT_4_SESS_30_MIN,14_PT_4_SESS_30_MIN,14_PT_NMP_4_SESS_30_MIN,14 BL Personal Training 30 Minute - 4,I,PT,14,A,,180.00,260.00
https://ygtcprod2.personifycloud.com/personifyebusiness/YMCA/PersonalTraining.aspx?pid=180644351,180644351,MISC,14_PT_4_SESS_60_MIN,14_PT_4_SESS_60_MIN,14_PT_NMP_4_SESS_60_MIN,14 BL Personal Training 60 Minute - 4,I,PT,14,A,,280.00,360.00
https://ygtcprod2.personifycloud.com/personifyebusiness/YMCA/PersonalTraining.aspx?pid=180644352,180644352,MISC,14_PT_8_SESS_30_MIN,14_PT_8_SESS_30_MIN,14_PT_NMP_8_SESS_30_MIN,14 BL Personal Training 30 Minute - 8,I,PT,14,A,,340.00,500.00
https://ygtcprod2.personifycloud.com/personifyebusiness/YMCA/PersonalTraining.aspx?pid=180644353,180644353,MISC,14_PT_8_SESS_60_MIN,14_PT_8_SESS_60_MIN,14_PT_NMP_8_SESS_60_MIN,14 BL Personal Training 60 Minute - 8,I,PT,14,A,,540.00,700.00
https://ygtcprod2.personifycloud.com/personifyebusiness/YMCA/PersonalTraining.aspx?pid=141744661,141744661,MISC,17_PT_1_SESS_30_MIN,17_PT_1_SESS_30_MIN,17_PT_NMP_1_SESS_30_MIN,17 DT Personal Training 30 Minute - 1,I,PT,17,A,,50.00,70.00
https://ygtcprod2.personifycloud.com/personifyebusiness/YMCA/PersonalTraining.aspx?pid=141744718,141744718,MISC,17_PT_1_SESS_60_MIN,17_PT_1_SESS_60_MIN,17_PT_NMP_1_SESS_60_MIN,17 DT Personal Training 60 Minute - 1,I,PT,17,A,,75.00,95.00
https://ygtcprod2.personifycloud.com/personifyebusiness/YMCA/PersonalTraining.aspx?pid=141744957,141744957,MISC,17_PT_12_SESS_30_MIN,17_PT_12_SESS_30_MIN,17_PT_NMP_12_SESS_30_MIN,17 DT Personal Training 30 Minute - 12,I,PT,17,A,,480.00,720.00
https://ygtcprod2.personifycloud.com/personifyebusiness/YMCA/PersonalTraining.aspx?pid=141745021,141745021,MISC,17_PT_12_SESS_60_MIN,17_PT_12_SESS_60_MIN,17_PT_NMP_12_SESS_60_MIN,17 DT Personal Training 60 Minute - 12,I,PT,17,A,,780.00,1020.00
https://ygtcprod2.personifycloud.com/personifyebusiness/YMCA/PersonalTraining.aspx?pid=141744644,141744644,MISC,17_PT_20_SESS_30_MIN,17_PT_20_SESS_30_MIN,17_PT_NMP_20_SESS_30_MIN,17 DT Personal Training 30 Minute - 20,I,PT,17,A,,640.00,1040.00
https://ygtcprod2.personifycloud.com/personifyebusiness/YMCA/PersonalTraining.aspx?pid=141745142,141745142,MISC,17_PT_20_SESS_60_MIN,17_PT_20_SESS_60_MIN,17_PT_NMP_20_SESS_60_MIN,17 DT Personal Training 60 Minute - 20,I,PT,17,A,,1099.00,1499.00
https://ygtcprod2.personifycloud.com/personifyebusiness/YMCA/PersonalTraining.aspx?pid=180644354,180644354,MISC,17_PT_4_SESS_30_MIN,17_PT_4_SESS_30_MIN,17_PT_NMP_4_SESS_30_MIN,17 DT Personal Training 30 Minute - 4,I,PT,17,A,,180.00,260.00
https://ygtcprod2.personifycloud.com/personifyebusiness/YMCA/PersonalTraining.aspx?pid=180644355,180644355,MISC,17_PT_4_SESS_60_MIN,17_PT_4_SESS_60_MIN,17_PT_NMP_4_SESS_60_MIN,17 DT Personal Training 60 Minute - 4,I,PT,17,A,,280.00,360.00
https://ygtcprod2.personifycloud.com/personifyebusiness/YMCA/PersonalTraining.aspx?pid=180644356,180644356,MISC,17_PT_8_SESS_30_MIN,17_PT_8_SESS_30_MIN,17_PT_NMP_8_SESS_30_MIN,17 DT Personal Training 30 Minute - 8,I,PT,17,A,,340.00,500.00
https://ygtcprod2.personifycloud.com/personifyebusiness/YMCA/PersonalTraining.aspx?pid=180644358,180644358,MISC,17_PT_8_SESS_60_MIN,17_PT_8_SESS_60_MIN,17_PT_NMP_8_SESS_60_MIN,17 DT Personal Training 60 Minute - 8,I,PT,17,A,,540.00,700.00
https://ygtcprod2.personifycloud.com/personifyebusiness/YMCA/PersonalTraining.aspx?pid=141746754,141746754,MISC,18_PT_1_SESS_30_MIN,18_PT_1_SESS_30_MIN,18_PT_NMP_1_SESS_30_MIN,18 HP Personal Training 30 Minute - 1,I,PT,18,A,,50.00,70.00
https://ygtcprod2.personifycloud.com/personifyebusiness/YMCA/PersonalTraining.aspx?pid=141746946,141746946,MISC,18_PT_1_SESS_60_MIN,18_PT_1_SESS_60_MIN,18_PT_NMP_1_SESS_60_MIN,18 HP Personal Training 60 Minute - 1,I,PT,18,A,,75.00,95.00
https://ygtcprod2.personifycloud.com/personifyebusiness/YMCA/PersonalTraining.aspx?pid=143004798,143004798,MISC,18_PT_12_SESS_30_MIN,18_PT_12_SESS_30_MIN,18_PT_NMP_12_SESS_30_MIN,18 HP Personal Training 30 Minute - 12,I,PT,18,A,,480.00,720.00
https://ygtcprod2.personifycloud.com/personifyebusiness/YMCA/PersonalTraining.aspx?pid=141887584,141887584,MISC,18_PT_12_SESS_60_MIN,18_PT_12_SESS_60_MIN,18_PT_NMP_12_SESS_60_MIN,18 HP Personal Training 60 Minute - 12,I,PT,18,A,,780.00,1020.00
https://ygtcprod2.personifycloud.com/personifyebusiness/YMCA/PersonalTraining.aspx?pid=143004920,143004920,MISC,18_PT_20_SESS_30_MIN,18_PT_20_SESS_30_MIN,18_PT_NMP_20_SESS_30_MIN,18 HP Personal Training 30 Minute - 20,I,PT,18,A,,640.00,1040.00
https://ygtcprod2.personifycloud.com/personifyebusiness/YMCA/PersonalTraining.aspx?pid=141888004,141888004,MISC,18_PT_20_SESS_60_MIN,18_PT_20_SESS_60_MIN,18_PT_NMP_20_SESS_60_MIN,18 HP Personal Training 60 Minute - 20,I,PT,18,A,,1099.00,1499.00
https://ygtcprod2.personifycloud.com/personifyebusiness/YMCA/PersonalTraining.aspx?pid=180644359,180644359,MISC,18_PT_4_SESS_30_MIN,18_PT_4_SESS_30_MIN,18_PT_NMP_4_SESS_30_MIN,18 HP Personal Training 30 Minute - 4,I,PT,18,A,,180.00,260.00
https://ygtcprod2.personifycloud.com/personifyebusiness/YMCA/PersonalTraining.aspx?pid=180644360,180644360,MISC,18_PT_4_SESS_60_MIN,18_PT_4_SESS_60_MIN,18_PT_NMP_4_SESS_60_MIN,18 HP Personal Training 60 Minute - 4,I,PT,18,A,,280.00,360.00
https://ygtcprod2.personifycloud.com/personifyebusiness/YMCA/PersonalTraining.aspx?pid=180644361,180644361,MISC,18_PT_8_SESS_30_MIN,18_PT_8_SESS_30_MIN,18_PT_NMP_8_SESS_30_MIN,18 HP Personal Training 30 Minute - 8,I,PT,18,A,,340.00,500.00
https://ygtcprod2.personifycloud.com/personifyebusiness/YMCA/PersonalTraining.aspx?pid=180644362,180644362,MISC,18_PT_8_SESS_60_MIN,18_PT_8_SESS_60_MIN,18_PT_NMP_8_SESS_60_MIN,18 HP Personal Training 60 Minute - 8,I,PT,18,A,,540.00,700.00
https://ygtcprod2.personifycloud.com/personifyebusiness/YMCA/PersonalTraining.aspx?pid=141888530,141888530,MISC,20_PT_1_SESS_30_MIN,20_PT_1_SESS_30_MIN,20_PT_NMP_1_SESS_30_MIN,20 SD Personal Training 30 Minute - 1,I,PT,20,A,,50.00,70.00
https://ygtcprod2.personifycloud.com/personifyebusiness/YMCA/PersonalTraining.aspx?pid=141888546,141888546,MISC,20_PT_1_SESS_60_MIN,20_PT_1_SESS_60_MIN,20_PT_NMP_1_SESS_60_MIN,20 SD Personal Training 60 Minute - 1,I,PT,20,A,,75.00,95.00
https://ygtcprod2.personifycloud.com/personifyebusiness/YMCA/PersonalTraining.aspx?pid=142041956,142041956,MISC,20_PT_12_SESS_30_MIN,20_PT_12_SESS_30_MIN,20_PT_NMP_12_SESS_30_MIN,20 SD Personal Training 30 Minute - 12,I,PT,20,A,,480.00,720.00
https://ygtcprod2.personifycloud.com/personifyebusiness/YMCA/PersonalTraining.aspx?pid=142041758,142041758,MISC,20_PT_12_SESS_60_MIN,20_PT_12_SESS_60_MIN,20_PT_NMP_12_SESS_60_MIN,20 SD Personal Training 60 Minute - 12,I,PT,20,A,,780.00,1020.00
https://ygtcprod2.personifycloud.com/personifyebusiness/YMCA/PersonalTraining.aspx?pid=142041794,142041794,MISC,20_PT_20_SESS_30_MIN,20_PT_20_SESS_30_MIN,20_PT_NMP_20_SESS_30_MIN,20 SD Personal Training 30 Minute - 20,I,PT,20,A,,640.00,1040.00
https://ygtcprod2.personifycloud.com/personifyebusiness/YMCA/PersonalTraining.aspx?pid=142041829,142041829,MISC,20_PT_20_SESS_60_MIN,20_PT_20_SESS_60_MIN,20_PT_NMP_20_SESS_60_MIN,20 SD Personal Training 60 Minute - 20,I,PT,20,A,,1099.00,1499.00
https://ygtcprod2.personifycloud.com/personifyebusiness/YMCA/PersonalTraining.aspx?pid=180644363,180644363,MISC,20_PT_4_SESS_30_MIN,20_PT_4_SESS_30_MIN,20_PT_NMP_4_SESS_30_MIN,20 SD Personal Training 30 Minute - 4,I,PT,20,A,,180.00,260.00
https://ygtcprod2.personifycloud.com/personifyebusiness/YMCA/PersonalTraining.aspx?pid=180644364,180644364,MISC,20_PT_4_SESS_60_MIN,20_PT_4_SESS_60_MIN,20_PT_NMP_4_SESS_60_MIN,20 SD Personal Training 60 Minute - 4,I,PT,20,A,,280.00,360.00
https://ygtcprod2.personifycloud.com/personifyebusiness/YMCA/PersonalTraining.aspx?pid=180644365,180644365,MISC,20_PT_8_SESS_30_MIN,20_PT_8_SESS_30_MIN,20_PT_NMP_8_SESS_30_MIN,20 SD Personal Training 30 Minute - 8,I,PT,20,A,,340.00,500.00
https://ygtcprod2.personifycloud.com/personifyebusiness/YMCA/PersonalTraining.aspx?pid=180644366,180644366,MISC,20_PT_8_SESS_60_MIN,20_PT_8_SESS_60_MIN,20_PT_NMP_8_SESS_60_MIN,20 SD Personal Training 60 Minute - 8,I,PT,20,A,,540.00,700.00
https://ygtcprod2.personifycloud.com/personifyebusiness/YMCA/PersonalTraining.aspx?pid=142042202,142042202,MISC,22_PT_1_SESS_30_MIN,22_PT_1_SESS_30_MIN,22_PT_NMP_1_SESS_30_MIN,22 RD Personal Training 30 Minute - 1,I,PT,22,A,,50.00,70.00
https://ygtcprod2.personifycloud.com/personifyebusiness/YMCA/PersonalTraining.aspx?pid=142042254,142042254,MISC,22_PT_1_SESS_60_MIN,22_PT_1_SESS_60_MIN,22_PT_NMP_1_SESS_60_MIN,22 RD Personal Training 60 Minute - 1,I,PT,22,A,,75.00,95.00
https://ygtcprod2.personifycloud.com/personifyebusiness/YMCA/PersonalTraining.aspx?pid=142042773,142042773,MISC,22_PT_12_SESS_30_MIN,22_PT_12_SESS_30_MIN,22_PT_NMP_12_SESS_30_MIN,22 RD Personal Training 30 Minute - 12,I,PT,22,A,,480.00,720.00
https://ygtcprod2.personifycloud.com/personifyebusiness/YMCA/PersonalTraining.aspx?pid=142042880,142042880,MISC,22_PT_12_SESS_60_MIN,22_PT_12_SESS_60_MIN,22_PT_NMP_12_SESS_60_MIN,22 RD Personal Training 60 Minute - 12,I,PT,22,A,,780.00,1020.00
https://ygtcprod2.personifycloud.com/personifyebusiness/YMCA/PersonalTraining.aspx?pid=142042912,142042912,MISC,22_PT_20_SESS_30_MIN,22_PT_20_SESS_30_MIN,22_PT_NMP_20_SESS_30_MIN,22 RD Personal Training 30 Minute - 20,I,PT,22,A,,640.00,1040.00
https://ygtcprod2.personifycloud.com/personifyebusiness/YMCA/PersonalTraining.aspx?pid=142042978,142042978,MISC,22_PT_20_SESS_60_MIN,22_PT_20_SESS_60_MIN,22_PT_NMP_20_SESS_60_MIN,22 RD Personal Training 60 Minute - 20,I,PT,22,A,,1099.00,1499.00
https://ygtcprod2.personifycloud.com/personifyebusiness/YMCA/PersonalTraining.aspx?pid=180644367,180644367,MISC,22_PT_4_SESS_30_MIN,22_PT_4_SESS_30_MIN,22_PT_NMP_4_SESS_30_MIN,22 RD Personal Training 30 Minute - 4,I,PT,22,A,,180.00,260.00
https://ygtcprod2.personifycloud.com/personifyebusiness/YMCA/PersonalTraining.aspx?pid=180644368,180644368,MISC,22_PT_4_SESS_60_MIN,22_PT_4_SESS_60_MIN,22_PT_NMP_4_SESS_60_MIN,22 RD Personal Training 60 Minute - 4,I,PT,22,A,,280.00,360.00
https://ygtcprod2.personifycloud.com/personifyebusiness/YMCA/PersonalTraining.aspx?pid=180644369,180644369,MISC,22_PT_8_SESS_30_MIN,22_PT_8_SESS_30_MIN,22_PT_NMP_8_SESS_30_MIN,22 RD Personal Training 30 Minute - 8,I,PT,22,A,,340.00,500.00
https://ygtcprod2.personifycloud.com/personifyebusiness/YMCA/PersonalTraining.aspx?pid=180644370,180644370,MISC,22_PT_8_SESS_60_MIN,22_PT_8_SESS_60_MIN,22_PT_NMP_8_SESS_60_MIN,22 RD Personal Training 60 Minute - 8,I,PT,22,A,,540.00,700.00
https://ygtcprod2.personifycloud.com/personifyebusiness/YMCA/PersonalTraining.aspx?pid=143055273,143055273,MISC,24_PT_1_SESS_30_MIN,24_PT_1_SESS_30_MIN,24_PT_NMP_1_SESS_30_MIN,24 NH Personal Training 30 Minute - 1,I,PT,24,A,,50.00,70.00
https://ygtcprod2.personifycloud.com/personifyebusiness/YMCA/PersonalTraining.aspx?pid=142043450,142043450,MISC,24_PT_1_SESS_60_MIN,24_PT_1_SESS_60_MIN,24_PT_NMP_1_SESS_60_MIN,24 NH Personal Training 60 Minute - 1,I,PT,24,A,,75.00,95.00
https://ygtcprod2.personifycloud.com/personifyebusiness/YMCA/PersonalTraining.aspx?pid=176943593,176943593,MISC,24_PT_12_SESS_30_MIN,24_PT_12_SESS_30_MIN,24_PT_NMP_12_SESS_30_MIN,24 NH Personal Training 30 Minute - 12,I,PT,24,A,,480.00,720.00
https://ygtcprod2.personifycloud.com/personifyebusiness/YMCA/PersonalTraining.aspx?pid=142043948,142043948,MISC,24_PT_12_SESS_60_MIN,24_PT_12_SESS_60_MIN,24_PT_NMP_12_SESS_60_MIN,24 NH Personal Training 60 Minute - 12,I,PT,24,A,,780.00,1020.00
https://ygtcprod2.personifycloud.com/personifyebusiness/YMCA/PersonalTraining.aspx?pid=142044058,142044058,MISC,24_PT_20_SESS_30_MIN,24_PT_20_SESS_30_MIN,24_PT_NMP_20_SESS_30_MIN,24 NH Personal Training 30 Minute - 20,I,PT,24,A,,640.00,1040.00
https://ygtcprod2.personifycloud.com/personifyebusiness/YMCA/PersonalTraining.aspx?pid=142044085,142044085,MISC,24_PT_20_SESS_60_MIN,24_PT_20_SESS_60_MIN,24_PT_NMP_20_SESS_60_MIN,24 NH Personal Training 60 Minute - 20,I,PT,24,A,,1099.00,1499.00
https://ygtcprod2.personifycloud.com/personifyebusiness/YMCA/PersonalTraining.aspx?pid=180644371,180644371,MISC,24_PT_4_SESS_30_MIN,24_PT_4_SESS_30_MIN,24_PT_NMP_4_SESS_30_MIN,24 NH Personal Training 30 Minute - 4,I,PT,24,A,,180.00,260.00
https://ygtcprod2.personifycloud.com/personifyebusiness/YMCA/PersonalTraining.aspx?pid=180644372,180644372,MISC,24_PT_4_SESS_60_MIN,24_PT_4_SESS_60_MIN,24_PT_NMP_4_SESS_60_MIN,24 NH Personal Training 60 Minute - 4,I,PT,24,A,,280.00,360.00
https://ygtcprod2.personifycloud.com/personifyebusiness/YMCA/PersonalTraining.aspx?pid=180644373,180644373,MISC,24_PT_8_SESS_30_MIN,24_PT_8_SESS_30_MIN,24_PT_NMP_8_SESS_30_MIN,24 NH Personal Training 30 Minute - 8,I,PT,24,A,,340.00,500.00
https://ygtcprod2.personifycloud.com/personifyebusiness/YMCA/PersonalTraining.aspx?pid=180644374,180644374,MISC,24_PT_8_SESS_60_MIN,24_PT_8_SESS_60_MIN,24_PT_NMP_8_SESS_60_MIN,24 NH Personal Training 60 Minute - 8,I,PT,24,A,,540.00,700.00
https://ygtcprod2.personifycloud.com/personifyebusiness/YMCA/PersonalTraining.aspx?pid=142132530,142132530,MISC,27_PT_1_SESS_30_MIN,27_PT_1_SESS_30_MIN,27_PT_NMP_1_SESS_30_MIN,27 EBH Personal Training 30 Minute - 1,I,PT,27,A,,50.00,70.00
https://ygtcprod2.personifycloud.com/personifyebusiness/YMCA/PersonalTraining.aspx?pid=142132606,142132606,MISC,27_PT_1_SESS_60_MIN,27_PT_1_SESS_60_MIN,27_PT_NMP_1_SESS_60_MIN,27 EBH Personal Training 60 Minute - 1,I,PT,27,A,,75.00,95.00
https://ygtcprod2.personifycloud.com/personifyebusiness/YMCA/PersonalTraining.aspx?pid=142132943,142132943,MISC,27_PT_12_SESS_30_MIN,27_PT_12_SESS_30_MIN,27_PT_NMP_12_SESS_30_MIN,27 EBH Personal Training 30 Minute - 12,I,PT,27,A,,480.00,720.00
https://ygtcprod2.personifycloud.com/personifyebusiness/YMCA/PersonalTraining.aspx?pid=142133006,142133006,MISC,27_PT_12_SESS_60_MIN,27_PT_12_SESS_60_MIN,27_PT_NMP_12_SESS_60_MIN,27 EBH Personal Training 60 Minute - 12,I,PT,27,A,,780.00,1020.00
https://ygtcprod2.personifycloud.com/personifyebusiness/YMCA/PersonalTraining.aspx?pid=142133053,142133053,MISC,27_PT_20_SESS_30_MIN,27_PT_20_SESS_30_MIN,27_PT_NMP_20_SESS_30_MIN,27 EBH Personal Training 30 Minute - 20,I,PT,27,A,,640.00,1040.00
https://ygtcprod2.personifycloud.com/personifyebusiness/YMCA/PersonalTraining.aspx?pid=142133084,142133084,MISC,27_PT_20_SESS_60_MIN,27_PT_20_SESS_60_MIN,27_PT_NMP_20_SESS_60_MIN,27 EBH Personal Training 60 Minute - 20,I,PT,27,A,,1099.00,1499.00
https://ygtcprod2.personifycloud.com/personifyebusiness/YMCA/PersonalTraining.aspx?pid=180644375,180644375,MISC,27_PT_4_SESS_30_MIN,27_PT_4_SESS_30_MIN,27_PT_NMP_4_SESS_30_MIN,27 EB Personal Training 30 Minute - 4,I,PT,27,A,,180.00,260.00
https://ygtcprod2.personifycloud.com/personifyebusiness/YMCA/PersonalTraining.aspx?pid=180644376,180644376,MISC,27_PT_4_SESS_60_MIN,27_PT_4_SESS_60_MIN,27_PT_NMP_4_SESS_60_MIN,27 EB Personal Training 60 Minute - 4,I,PT,27,A,,280.00,360.00
https://ygtcprod2.personifycloud.com/personifyebusiness/YMCA/PersonalTraining.aspx?pid=180644377,180644377,MISC,27_PT_8_SESS_30_MIN,27_PT_8_SESS_30_MIN,27_PT_NMP_8_SESS_30_MIN,27 EB Personal Training 30 Minute - 8,I,PT,27,A,,340.00,500.00
https://ygtcprod2.personifycloud.com/personifyebusiness/YMCA/PersonalTraining.aspx?pid=180644378,180644378,MISC,27_PT_8_SESS_60_MIN,27_PT_8_SESS_60_MIN,27_PT_NMP_8_SESS_60_MIN,27 EB Personal Training 60 Minute - 8,I,PT,27,A,,540.00,700.00
https://ygtcprod2.personifycloud.com/personifyebusiness/YMCA/PersonalTraining.aspx?pid=142133857,142133857,MISC,30_PT_1_SESS_30_MIN,30_PT_1_SESS_30_MIN,30_PT_NMP_1_SESS_30_MIN,30 BU Personal Training 30 Minute - 1,I,PT,30,A,,50.00,70.00
https://ygtcprod2.personifycloud.com/personifyebusiness/YMCA/PersonalTraining.aspx?pid=142135273,142135273,MISC,30_PT_1_SESS_60_MIN,30_PT_1_SESS_60_MIN,30_PT_NMP_1_SESS_60_MIN,30 BU Personal Training 60 Minute - 1,I,PT,30,A,,75.00,95.00
https://ygtcprod2.personifycloud.com/personifyebusiness/YMCA/PersonalTraining.aspx?pid=142135347,142135347,MISC,30_PT_12_SESS_30_MIN,30_PT_12_SESS_30_MIN,30_PT_NMP_12_SESS_30_MIN,30 BU Personal Training 30 Minute - 12,I,PT,30,A,,480.00,720.00
https://ygtcprod2.personifycloud.com/personifyebusiness/YMCA/PersonalTraining.aspx?pid=142135468,142135468,MISC,30_PT_12_SESS_60_MIN,30_PT_12_SESS_60_MIN,30_PT_NMP_12_SESS_60_MIN,30 BU Personal Training 60 Minute - 12,I,PT,30,A,,780.00,1020.00
https://ygtcprod2.personifycloud.com/personifyebusiness/YMCA/PersonalTraining.aspx?pid=142135503,142135503,MISC,30_PT_20_SESS_30_MIN,30_PT_20_SESS_30_MIN,30_PT_NMP_20_SESS_30_MIN,30 BU Personal Training 30 Minute - 20,I,PT,30,A,,640.00,1040.00
https://ygtcprod2.personifycloud.com/personifyebusiness/YMCA/PersonalTraining.aspx?pid=142135528,142135528,MISC,30_PT_20_SESS_60_MIN,30_PT_20_SESS_60_MIN,30_PT_NMP_20_SESS_60_MIN,30 BU Personal Training 60 Minute - 20,I,PT,30,A,,1099.00,1499.00
https://ygtcprod2.personifycloud.com/personifyebusiness/YMCA/PersonalTraining.aspx?pid=180644379,180644379,MISC,30_PT_4_SESS_30_MIN,30_PT_4_SESS_30_MIN,30_PT_NMP_4_SESS_30_MIN,30 BU Personal Training 30 Minute - 4,I,PT,30,A,,180.00,260.00
https://ygtcprod2.personifycloud.com/personifyebusiness/YMCA/PersonalTraining.aspx?pid=180644380,180644380,MISC,30_PT_4_SESS_60_MIN,30_PT_4_SESS_60_MIN,30_PT_NMP_4_SESS_60_MIN,30 BU Personal Training 60 Minute - 4,I,PT,30,A,,280.00,360.00
https://ygtcprod2.personifycloud.com/personifyebusiness/YMCA/PersonalTraining.aspx?pid=180644381,180644381,MISC,30_PT_8_SESS_30_MIN,30_PT_8_SESS_30_MIN,30_PT_NMP_8_SESS_30_MIN,30 BU Personal Training 30 Minute - 8,I,PT,30,A,,340.00,500.00
https://ygtcprod2.personifycloud.com/personifyebusiness/YMCA/PersonalTraining.aspx?pid=180644382,180644382,MISC,30_PT_8_SESS_60_MIN,30_PT_8_SESS_60_MIN,30_PT_NMP_8_SESS_60_MIN,30 BU Personal Training 60 Minute - 8,I,PT,30,A,,540.00,700.00
https://ygtcprod2.personifycloud.com/personifyebusiness/YMCA/PersonalTraining.aspx?pid=142219471,142219471,MISC,32_PT_1_SESS_30_MIN,32_PT_1_SESS_30_MIN,32_PT_NMP_1_SESS_30_MIN,32 AN Personal Training 30 Minute - 1,I,PT,32,A,,50.00,70.00
https://ygtcprod2.personifycloud.com/personifyebusiness/YMCA/PersonalTraining.aspx?pid=142219864,142219864,MISC,32_PT_1_SESS_60_MIN,32_PT_1_SESS_60_MIN,32_PT_NMP_1_SESS_60_MIN,32 AN Personal Training 60 Minute - 1,I,PT,32,A,,75.00,95.00
https://ygtcprod2.personifycloud.com/personifyebusiness/YMCA/PersonalTraining.aspx?pid=142272096,142272096,MISC,32_PT_12_SESS_30_MIN,32_PT_12_SESS_30_MIN,32_PT_NMP_12_SESS_30_MIN,32 AN Personal Training 30 Minute - 12,I,PT,32,A,,480.00,720.00
https://ygtcprod2.personifycloud.com/personifyebusiness/YMCA/PersonalTraining.aspx?pid=142272130,142272130,MISC,32_PT_12_SESS_60_MIN,32_PT_12_SESS_60_MIN,32_PT_NMP_12_SESS_60_MIN,32 AN Personal Training 60 Minute - 12,I,PT,32,A,,780.00,1020.00
https://ygtcprod2.personifycloud.com/personifyebusiness/YMCA/PersonalTraining.aspx?pid=142272176,142272176,MISC,32_PT_20_SESS_30_MIN,32_PT_20_SESS_30_MIN,32_PT_NMP_20_SESS_30_MIN,32 AN Personal Training 30 Minute - 20,I,PT,32,A,,640.00,1040.00
https://ygtcprod2.personifycloud.com/personifyebusiness/YMCA/PersonalTraining.aspx?pid=142272345,142272345,MISC,32_PT_20_SESS_60_MIN,32_PT_20_SESS_60_MIN,32_PT_NMP_20_SESS_60_MIN,32 AN Personal Training 60 Minute - 20,I,PT,32,A,,1099.00,1499.00
https://ygtcprod2.personifycloud.com/personifyebusiness/YMCA/PersonalTraining.aspx?pid=180644383,180644383,MISC,32_PT_4_SESS_30_MIN,32_PT_4_SESS_30_MIN,32_PT_NMP_4_SESS_30_MIN,32 AN Personal Training 30 Minute - 4,I,PT,32,A,,180.00,260.00
https://ygtcprod2.personifycloud.com/personifyebusiness/YMCA/PersonalTraining.aspx?pid=180644384,180644384,MISC,32_PT_4_SESS_60_MIN,32_PT_4_SESS_60_MIN,32_PT_NMP_4_SESS_60_MIN,32 AN Personal Training 60 Minute - 4,I,PT,32,A,,280.00,360.00
https://ygtcprod2.personifycloud.com/personifyebusiness/YMCA/PersonalTraining.aspx?pid=180644385,180644385,MISC,32_PT_8_SESS_30_MIN,32_PT_8_SESS_30_MIN,32_PT_NMP_8_SESS_30_MIN,32 AN Personal Training 30 Minute - 8,I,PT,32,A,,340.00,500.00
https://ygtcprod2.personifycloud.com/personifyebusiness/YMCA/PersonalTraining.aspx?pid=180644386,180644386,MISC,32_PT_8_SESS_60_MIN,32_PT_8_SESS_60_MIN,32_PT_NMP_8_SESS_60_MIN,32 AN Personal Training 60 Minute - 8,I,PT,32,A,,540.00,700.00
https://ygtcprod2.personifycloud.com/personifyebusiness/YMCA/PersonalTraining.aspx?pid=142702955,142702955,MISC,34_PT_1_SESS_30_MIN,34_PT_1_SESS_30_MIN,34_PT_NMP_1_SESS_30_MIN,34 ER Personal Training 30 Minute - 1,I,PT,34,A,,50.00,70.00
https://ygtcprod2.personifycloud.com/personifyebusiness/YMCA/PersonalTraining.aspx?pid=142702998,142702998,MISC,34_PT_1_SESS_60_MIN,34_PT_1_SESS_60_MIN,34_PT_NMP_1_SESS_60_MIN,34 ER Personal Training 60 Minute - 1,I,PT,34,A,,75.00,95.00
https://ygtcprod2.personifycloud.com/personifyebusiness/YMCA/PersonalTraining.aspx?pid=142703051,142703051,MISC,34_PT_12_SESS_30_MIN,34_PT_12_SESS_30_MIN,34_PT_NMP_12_SESS_30_MIN,34 ER Personal Training 30 Minute - 12,I,PT,34,A,,480.00,720.00
https://ygtcprod2.personifycloud.com/personifyebusiness/YMCA/PersonalTraining.aspx?pid=142703095,142703095,MISC,34_PT_12_SESS_60_MIN,34_PT_12_SESS_60_MIN,34_PT_NMP_12_SESS_60_MIN,34 ER Personal Training 60 Minute - 12,I,PT,34,A,,780.00,1020.00
https://ygtcprod2.personifycloud.com/personifyebusiness/YMCA/PersonalTraining.aspx?pid=142703148,142703148,MISC,34_PT_20_SESS_30_MIN,34_PT_20_SESS_30_MIN,34_PT_NMP_20_SESS_30_MIN,34 ER Personal Training 30 Minute - 20,I,PT,34,A,,640.00,1040.00
https://ygtcprod2.personifycloud.com/personifyebusiness/YMCA/PersonalTraining.aspx?pid=142706076,142706076,MISC,34_PT_20_SESS_60_MIN,34_PT_20_SESS_60_MIN,34_PT_NMP_20_SESS_60_MIN,34 ER Personal Training 60 Minute - 20,I,PT,34,A,,1099.00,1499.00
https://ygtcprod2.personifycloud.com/personifyebusiness/YMCA/PersonalTraining.aspx?pid=180644387,180644387,MISC,34_PT_4_SESS_30_MIN,34_PT_4_SESS_30_MIN,34_PT_NMP_4_SESS_30_MIN,34 ER Personal Training 30 Minute - 4,I,PT,34,A,,180.00,260.00
https://ygtcprod2.personifycloud.com/personifyebusiness/YMCA/PersonalTraining.aspx?pid=180644388,180644388,MISC,34_PT_4_SESS_60_MIN,34_PT_4_SESS_60_MIN,34_PT_NMP_4_SESS_60_MIN,34 ER Personal Training 60 Minute - 4,I,PT,34,A,,280.00,360.00
https://ygtcprod2.personifycloud.com/personifyebusiness/YMCA/PersonalTraining.aspx?pid=180644389,180644389,MISC,34_PT_8_SESS_30_MIN,34_PT_8_SESS_30_MIN,34_PT_NMP_8_SESS_30_MIN,34 ER Personal Training 30 Minute - 8,I,PT,34,A,,340.00,500.00
https://ygtcprod2.personifycloud.com/personifyebusiness/YMCA/PersonalTraining.aspx?pid=180644390,180644390,MISC,34_PT_8_SESS_60_MIN,34_PT_8_SESS_60_MIN,34_PT_NMP_8_SESS_60_MIN,34 ER Personal Training 60 Minute - 8,I,PT,34,A,,540.00,700.00
https://ygtcprod2.personifycloud.com/personifyebusiness/YMCA/PersonalTraining.aspx?pid=142570462,142570462,MISC,36_PT_1_SESS_30_MIN,36_PT_1_SESS_30_MIN,36_PT_NMP_1_SESS_30_MIN,36 RV Personal Training 30 Minute - 1,I,PT,36,A,,50.00,70.00
https://ygtcprod2.personifycloud.com/personifyebusiness/YMCA/PersonalTraining.aspx?pid=142610053,142610053,MISC,36_PT_1_SESS_60_MIN,36_PT_1_SESS_60_MIN,36_PT_NMP_1_SESS_60_MIN,36 RV Personal Training 60 Minute - 1,I,PT,36,A,,75.00,95.00
https://ygtcprod2.personifycloud.com/personifyebusiness/YMCA/PersonalTraining.aspx?pid=142609245,142609245,MISC,36_PT_12_SESS_30_MIN,36_PT_12_SESS_30_MIN,36_PT_NMP_12_SESS_30_MIN,36 RV Personal Training 30 Minute - 12,I,PT,36,A,,480.00,720.00
https://ygtcprod2.personifycloud.com/personifyebusiness/YMCA/PersonalTraining.aspx?pid=142608839,142608839,MISC,36_PT_12_SESS_60_MIN,36_PT_12_SESS_60_MIN,36_PT_NMP_12_SESS_60_MIN,36 RV Personal Training 60 Minute - 12,I,PT,36,A,,780.00,1020.00
https://ygtcprod2.personifycloud.com/personifyebusiness/YMCA/PersonalTraining.aspx?pid=142607236,142607236,MISC,36_PT_20_SESS_30_MIN,36_PT_20_SESS_30_MIN,36_PT_NMP_20_SESS_30_MIN,36 RV Personal Training 30 Minute - 20,I,PT,36,A,,640.00,1040.00
https://ygtcprod2.personifycloud.com/personifyebusiness/YMCA/PersonalTraining.aspx?pid=142607206,142607206,MISC,36_PT_20_SESS_60_MIN,36_PT_20_SESS_60_MIN,36_PT_NMP_20_SESS_60_MIN,36 RV Personal Training 60 Minute - 20,I,PT,36,A,,1099.00,1499.00
https://ygtcprod2.personifycloud.com/personifyebusiness/YMCA/PersonalTraining.aspx?pid=180644391,180644391,MISC,36_PT_4_SESS_30_MIN,36_PT_4_SESS_30_MIN,36_PT_NMP_4_SESS_30_MIN,36 RV Personal Training 30 Minute - 4,I,PT,36,A,,180.00,260.00
https://ygtcprod2.personifycloud.com/personifyebusiness/YMCA/PersonalTraining.aspx?pid=180644392,180644392,MISC,36_PT_4_SESS_60_MIN,36_PT_4_SESS_60_MIN,36_PT_NMP_4_SESS_60_MIN,36 RV Personal Training 60 Minute - 4,I,PT,36,A,,280.00,360.00
https://ygtcprod2.personifycloud.com/personifyebusiness/YMCA/PersonalTraining.aspx?pid=180644393,180644393,MISC,36_PT_8_SESS_30_MIN,36_PT_8_SESS_30_MIN,36_PT_NMP_8_SESS_30_MIN,36 RV Personal Training 30 Minute - 8,I,PT,36,A,,340.00,500.00
https://ygtcprod2.personifycloud.com/personifyebusiness/YMCA/PersonalTraining.aspx?pid=180644394,180644394,MISC,36_PT_8_SESS_60_MIN,36_PT_8_SESS_60_MIN,36_PT_NMP_8_SESS_60_MIN,36 RV Personal Training 60 Minute - 8,I,PT,36,A,,540.00,700.00
https://ygtcprod2.personifycloud.com/personifyebusiness/YMCA/PersonalTraining.aspx?pid=173393381,173393381,MISC,38_PT_1_SESS_30_MIN,38_PT_1_SESS_30_MIN,38_PT_NMP_1_SESS_30_MIN,38 FL Personal Training 30 Minute - 1,I,PT,38,A,,50.00,70.00
https://ygtcprod2.personifycloud.com/personifyebusiness/YMCA/PersonalTraining.aspx?pid=173393398,173393398,MISC,38_PT_1_SESS_60_MIN,38_PT_1_SESS_60_MIN,38_PT_NMP_1_SESS_60_MIN,38 FL Personal Training 60 Minute - 1,I,PT,38,A,,75.00,95.00
https://ygtcprod2.personifycloud.com/personifyebusiness/YMCA/PersonalTraining.aspx?pid=173393305,173393305,MISC,38_PT_12_SESS_30_MIN,38_PT_12_SESS_30_MIN,38_PT_NMP_12_SESS_30_MIN,38 FL Personal Training 30 Minute - 12,I,PT,38,A,,480.00,720.00
https://ygtcprod2.personifycloud.com/personifyebusiness/YMCA/PersonalTraining.aspx?pid=173393463,173393463,MISC,38_PT_12_SESS_60_MIN,38_PT_12_SESS_60_MIN,38_PT_NMP_12_SESS_60_MIN,38 FL Personal Training 60 Minute - 12,I,PT,38,A,,780.00,1020.00
https://ygtcprod2.personifycloud.com/personifyebusiness/YMCA/PersonalTraining.aspx?pid=173393599,173393599,MISC,38_PT_20_SESS_30_MIN,38_PT_20_SESS_30_MIN,38_PT_NMP_20_SESS_30_MIN,38 FL Personal Training 30 Minute - 20,I,PT,38,A,,640.00,1040.00
https://ygtcprod2.personifycloud.com/personifyebusiness/YMCA/PersonalTraining.aspx?pid=173393670,173393670,MISC,38_PT_20_SESS_60_MIN,38_PT_20_SESS_60_MIN,38_PT_NMP_20_SESS_60_MIN,38 FL Personal Training 60 Minute - 20,I,PT,38,A,,1099.00,1499.00
https://ygtcprod2.personifycloud.com/personifyebusiness/YMCA/PersonalTraining.aspx?pid=180644395,180644395,MISC,38_PT_4_SESS_30_MIN,38_PT_4_SESS_30_MIN,38_PT_NMP_4_SESS_30_MIN,38 FL Personal Training 30 Minute - 4,I,PT,38,A,,180.00,260.00
https://ygtcprod2.personifycloud.com/personifyebusiness/YMCA/PersonalTraining.aspx?pid=180644396,180644396,MISC,38_PT_4_SESS_60_MIN,38_PT_4_SESS_60_MIN,38_PT_NMP_4_SESS_60_MIN,38 FL Personal Training 60 Minute - 4,I,PT,38,A,,280.00,360.00
https://ygtcprod2.personifycloud.com/personifyebusiness/YMCA/PersonalTraining.aspx?pid=180644397,180644397,MISC,38_PT_8_SESS_30_MIN,38_PT_8_SESS_30_MIN,38_PT_NMP_8_SESS_30_MIN,38 FL Personal Training 30 Minute - 8,I,PT,38,A,,340.00,500.00
https://ygtcprod2.personifycloud.com/personifyebusiness/YMCA/PersonalTraining.aspx?pid=180644398,180644398,MISC,38_PT_8_SESS_60_MIN,38_PT_8_SESS_60_MIN,38_PT_NMP_8_SESS_60_MIN,38 FL Personal Training 60 Minute - 8,I,PT,38,A,,540.00,700.00
https://ygtcprod2.personifycloud.com/personifyebusiness/YMCA/PersonalTraining.aspx?pid=142556000,142556000,MISC,70_PT_1_SESS_30_MIN,70_PT_1_SESS_30_MIN,70_PT_NMP_1_SESS_30_MIN,70 WSP Personal Training 30 Minute - 1,I,PT,70,A,,50.00,70.00
https://ygtcprod2.personifycloud.com/personifyebusiness/YMCA/PersonalTraining.aspx?pid=142556397,142556397,MISC,70_PT_1_SESS_60_MIN,70_PT_1_SESS_60_MIN,70_PT_NMP_1_SESS_60_MIN,70 WSP Personal Training 60 Minute - 1,I,PT,70,A,,75.00,95.00
https://ygtcprod2.personifycloud.com/personifyebusiness/YMCA/PersonalTraining.aspx?pid=142556501,142556501,MISC,70_PT_12_SESS_30_MIN,70_PT_12_SESS_30_MIN,70_PT_NMP_12_SESS_30_MIN,70 WSP Personal Training 30 Minute - 12,I,PT,70,A,,480.00,720.00
https://ygtcprod2.personifycloud.com/personifyebusiness/YMCA/PersonalTraining.aspx?pid=142568326,142568326,MISC,70_PT_12_SESS_60_MIN,70_PT_12_SESS_60_MIN,70_PT_NMP_12_SESS_60_MIN,70 WSP Personal Training 60 Minute - 12,I,PT,70,A,,780.00,1020.00
https://ygtcprod2.personifycloud.com/personifyebusiness/YMCA/PersonalTraining.aspx?pid=142568510,142568510,MISC,70_PT_20_SESS_30_MIN,70_PT_20_SESS_30_MIN,70_PT_NMP_20_SESS_30_MIN,70 WSP Personal Training 30 Minute - 20,I,PT,70,A,,640.00,1040.00
https://ygtcprod2.personifycloud.com/personifyebusiness/YMCA/PersonalTraining.aspx?pid=142568860,142568860,MISC,70_PT_20_SESS_60_MIN,70_PT_20_SESS_60_MIN,70_PT_NMP_20_SESS_60_MIN,70 WSP Personal Training 60 Minute - 20,I,PT,70,A,,1099.00,1499.00
https://ygtcprod2.personifycloud.com/personifyebusiness/YMCA/PersonalTraining.aspx?pid=180644399,180644399,MISC,70_PT_4_SESS_30_MIN,70_PT_4_SESS_30_MIN,70_PT_NMP_4_SESS_30_MIN,70 WSP Personal Training 30 Minute - 4,I,PT,70,A,,180.00,260.00
https://ygtcprod2.personifycloud.com/personifyebusiness/YMCA/PersonalTraining.aspx?pid=180644400,180644400,MISC,70_PT_4_SESS_60_MIN,70_PT_4_SESS_60_MIN,70_PT_NMP_4_SESS_60_MIN,70 WSP Personal Training 60 Minute - 4,I,PT,70,A,,280.00,360.00
https://ygtcprod2.personifycloud.com/personifyebusiness/YMCA/PersonalTraining.aspx?pid=180644401,180644401,MISC,70_PT_8_SESS_30_MIN,70_PT_8_SESS_30_MIN,70_PT_NMP_8_SESS_30_MIN,70 WSP Personal Training 30 Minute - 8,I,PT,70,A,,340.00,500.00
https://ygtcprod2.personifycloud.com/personifyebusiness/YMCA/PersonalTraining.aspx?pid=180644402,180644402,MISC,70_PT_8_SESS_60_MIN,70_PT_8_SESS_60_MIN,70_PT_NMP_8_SESS_60_MIN,70 WSP Personal Training 60 Minute - 8,I,PT,70,A,,540.00,700.00
https://ygtcprod2.personifycloud.com/personifyebusiness/YMCA/PersonalTraining.aspx?pid=142273946,142273946,MISC,75_PT_1_SESS_30_MIN,75_PT_1_SESS_30_MIN,75_PT_NMP_1_SESS_30_MIN,75 SK Personal Training 30 Minute - 1,I,PT,75,A,,50.00,70.00
https://ygtcprod2.personifycloud.com/personifyebusiness/YMCA/PersonalTraining.aspx?pid=142274013,142274013,MISC,75_PT_1_SESS_60_MIN,75_PT_1_SESS_60_MIN,75_PT_NMP_1_SESS_60_MIN,75 SK Personal Training 60 Minute - 1,I,PT,75,A,,75.00,95.00
https://ygtcprod2.personifycloud.com/personifyebusiness/YMCA/PersonalTraining.aspx?pid=142277868,142277868,MISC,75_PT_12_SESS_30_MIN,75_PT_12_SESS_30_MIN,75_PT_NMP_12_SESS_30_MIN,75 SK Personal Training 30 Minute - 12,I,PT,75,A,,480.00,720.00
https://ygtcprod2.personifycloud.com/personifyebusiness/YMCA/PersonalTraining.aspx?pid=142274147,142274147,MISC,75_PT_12_SESS_60_MIN,75_PT_12_SESS_60_MIN,75_PT_NMP_12_SESS_60_MIN,75 SK Personal Training 60 Minute - 12,I,PT,75,A,,780.00,1020.00
https://ygtcprod2.personifycloud.com/personifyebusiness/YMCA/PersonalTraining.aspx?pid=142274567,142274567,MISC,75_PT_20_SESS_30_MIN,75_PT_20_SESS_30_MIN,75_PT_NMP_20_SESS_30_MIN,75 SK Personal Training 30 Minute - 20,I,PT,75,A,,640.00,1040.00
https://ygtcprod2.personifycloud.com/personifyebusiness/YMCA/PersonalTraining.aspx?pid=142275114,142275114,MISC,75_PT_20_SESS_60_MIN,75_PT_20_SESS_60_MIN,75_PT_NMP_20_SESS_60_MIN,75 SK Personal Training 60 Minute - 20,I,PT,75,A,,1099.00,1499.00
https://ygtcprod2.personifycloud.com/personifyebusiness/YMCA/PersonalTraining.aspx?pid=180644403,180644403,MISC,75_PT_4_SESS_30_MIN,75_PT_4_SESS_30_MIN,75_PT_NMP_4_SESS_30_MIN,75 SK Personal Training 30 Minute - 4,I,PT,75,A,,180.00,260.00
https://ygtcprod2.personifycloud.com/personifyebusiness/YMCA/PersonalTraining.aspx?pid=180644404,180644404,MISC,75_PT_4_SESS_60_MIN,75_PT_4_SESS_60_MIN,75_PT_NMP_4_SESS_60_MIN,75 SK Personal Training 60 Minute - 4,I,PT,75,A,,280.00,360.00
https://ygtcprod2.personifycloud.com/personifyebusiness/YMCA/PersonalTraining.aspx?pid=180644405,180644405,MISC,75_PT_8_SESS_30_MIN,75_PT_8_SESS_30_MIN,75_PT_NMP_8_SESS_30_MIN,75 SK Personal Training 30 Minute - 8,I,PT,75,A,,340.00,500.00
https://ygtcprod2.personifycloud.com/personifyebusiness/YMCA/PersonalTraining.aspx?pid=180644406,180644406,MISC,75_PT_8_SESS_60_MIN,75_PT_8_SESS_60_MIN,75_PT_NMP_8_SESS_60_MIN,75 SK Personal Training 60 Minute - 8,I,PT,75,A,,540.00,700.00
https://ygtcprod2.personifycloud.com/personifyebusiness/YMCA/PersonalTraining.aspx?pid=142211202,142211202,MISC,76_PT_1_SESS_30_MIN,76_PT_1_SESS_30_MIN,76_PT_NMP_1_SESS_30_MIN,76 EA Personal Training 30 Minute - 1,I,PT,76,A,,50.00,70.00
https://ygtcprod2.personifycloud.com/personifyebusiness/YMCA/PersonalTraining.aspx?pid=142211498,142211498,MISC,76_PT_1_SESS_60_MIN,76_PT_1_SESS_60_MIN,76_PT_NMP_1_SESS_60_MIN,76 EA Personal Training 60 Minute - 1,I,PT,76,A,,75.00,95.00
https://ygtcprod2.personifycloud.com/personifyebusiness/YMCA/PersonalTraining.aspx?pid=142212459,142212459,MISC,76_PT_12_SESS_30_MIN,76_PT_12_SESS_30_MIN,76_PT_NMP_12_SESS_30_MIN,76 EA Personal Training 30 Minute - 12,I,PT,76,A,,480.00,720.00
https://ygtcprod2.personifycloud.com/personifyebusiness/YMCA/PersonalTraining.aspx?pid=142214226,142214226,MISC,76_PT_12_SESS_60_MIN,76_PT_12_SESS_60_MIN,76_PT_NMP_12_SESS_60_MIN,76 EA Personal Training 60 Minute - 12,I,PT,76,A,,780.00,1020.00
https://ygtcprod2.personifycloud.com/personifyebusiness/YMCA/PersonalTraining.aspx?pid=142225076,142225076,MISC,76_PT_20_SESS_30_MIN,76_PT_20_SESS_30_MIN,76_PT_NMP_20_SESS_30_MIN,76 EA Personal Training 30 Minute - 20,I,PT,76,A,,640.00,1040.00
https://ygtcprod2.personifycloud.com/personifyebusiness/YMCA/PersonalTraining.aspx?pid=142233396,142233396,MISC,76_PT_20_SESS_60_MIN,76_PT_20_SESS_60_MIN,76_PT_NMP_20_SESS_60_MIN,76 EA Personal Training 60 Minute - 20,I,PT,76,A,,1099.00,1499.00
https://ygtcprod2.personifycloud.com/personifyebusiness/YMCA/PersonalTraining.aspx?pid=180644407,180644407,MISC,76_PT_4_SESS_30_MIN,76_PT_4_SESS_30_MIN,76_PT_NMP_4_SESS_30_MIN,76 EA Personal Training 30 Minute - 4,I,PT,76,A,,180.00,260.00
https://ygtcprod2.personifycloud.com/personifyebusiness/YMCA/PersonalTraining.aspx?pid=180644408,180644408,MISC,76_PT_4_SESS_60_MIN,76_PT_4_SESS_60_MIN,76_PT_NMP_4_SESS_60_MIN,76 EA Personal Training 60 Minute - 4,I,PT,76,A,,280.00,360.00
https://ygtcprod2.personifycloud.com/personifyebusiness/YMCA/PersonalTraining.aspx?pid=180644409,180644409,MISC,76_PT_8_SESS_30_MIN,76_PT_8_SESS_30_MIN,76_PT_NMP_8_SESS_30_MIN,76 EA Personal Training 30 Minute - 8,I,PT,76,A,,340.00,500.00
https://ygtcprod2.personifycloud.com/personifyebusiness/YMCA/PersonalTraining.aspx?pid=180644410,180644410,MISC,76_PT_8_SESS_60_MIN,76_PT_8_SESS_60_MIN,76_PT_NMP_8_SESS_60_MIN,76 EA Personal Training 60 Minute - 8,I,PT,76,A,,540.00,700.00
https://ygtcprod2.personifycloud.com/personifyebusiness/YMCA/PersonalTraining.aspx?pid=143000233,143000233,MISC,77_PT_1_SESS_30_MIN,77_PT_1_SESS_30_MIN,77_PT_NMP_1_SESS_30_MIN,77 MW Personal Training 30 Minute - 1,I,PT,77,A,,50.00,70.00
https://ygtcprod2.personifycloud.com/personifyebusiness/YMCA/PersonalTraining.aspx?pid=142195012,142195012,MISC,77_PT_1_SESS_60_MIN,77_PT_1_SESS_60_MIN,77_PT_NMP_1_SESS_60_MIN,77 MW Personal Training 60 Minute - 1,I,PT,77,A,,75.00,95.00
https://ygtcprod2.personifycloud.com/personifyebusiness/YMCA/PersonalTraining.aspx?pid=142210676,142210676,MISC,77_PT_12_SESS_30_MIN,77_PT_12_SESS_30_MIN,77_PT_NMP_12_SESS_30_MIN,77 MW Personal Training 30 Minute - 12,I,PT,77,A,,480.00,720.00
https://ygtcprod2.personifycloud.com/personifyebusiness/YMCA/PersonalTraining.aspx?pid=142195484,142195484,MISC,77_PT_12_SESS_60_MIN,77_PT_12_SESS_60_MIN,77_PT_NMP_12_SESS_60_MIN,77 MW Personal Training 60 Minute - 12,I,PT,77,A,,780.00,1020.00
https://ygtcprod2.personifycloud.com/personifyebusiness/YMCA/PersonalTraining.aspx?pid=142196093,142196093,MISC,77_PT_20_SESS_30_MIN,77_PT_20_SESS_30_MIN,77_PT_NMP_20_SESS_30_MIN,77 MW Personal Training 30 Minute - 20,I,PT,77,A,,640.00,1040.00
https://ygtcprod2.personifycloud.com/personifyebusiness/YMCA/PersonalTraining.aspx?pid=142196234,142196234,MISC,77_PT_20_SESS_60_MIN,77_PT_20_SESS_60_MIN,77_PT_NMP_20_SESS_60_MIN,77 MW Personal Training 60 Minute - 20,I,PT,77,A,,1099.00,1499.00
https://ygtcprod2.personifycloud.com/personifyebusiness/YMCA/PersonalTraining.aspx?pid=180644411,180644411,MISC,77_PT_4_SESS_30_MIN,77_PT_4_SESS_30_MIN,77_PT_NMP_4_SESS_30_MIN,77 MW Personal Training 30 Minute - 4,I,PT,77,A,,180.00,260.00
https://ygtcprod2.personifycloud.com/personifyebusiness/YMCA/PersonalTraining.aspx?pid=180644412,180644412,MISC,77_PT_4_SESS_60_MIN,77_PT_4_SESS_60_MIN,77_PT_NMP_4_SESS_60_MIN,77 MW Personal Training 60 Minute - 4,I,PT,77,A,,280.00,360.00
https://ygtcprod2.personifycloud.com/personifyebusiness/YMCA/PersonalTraining.aspx?pid=180644413,180644413,MISC,77_PT_8_SESS_30_MIN,77_PT_8_SESS_30_MIN,77_PT_NMP_8_SESS_30_MIN,77 MW Personal Training 30 Minute - 8,I,PT,77,A,,340.00,500.00
https://ygtcprod2.personifycloud.com/personifyebusiness/YMCA/PersonalTraining.aspx?pid=180644414,180644414,MISC,77_PT_8_SESS_60_MIN,77_PT_8_SESS_60_MIN,77_PT_NMP_8_SESS_60_MIN,77 MW Personal Training 60 Minute - 8,I,PT,77,A,,540.00,700.00
https://ygtcprod2.personifycloud.com/personifyebusiness/YMCA/PersonalTraining.aspx?pid=142152568,142152568,MISC,81_PT_1_SESS_30_MIN,81_PT_1_SESS_30_MIN,81_PT_NMP_1_SESS_30_MIN,81 LL Personal Training 30 Minute - 1,I,PT,81,A,,50.00,70.00
https://ygtcprod2.personifycloud.com/personifyebusiness/YMCA/PersonalTraining.aspx?pid=142152829,142152829,MISC,81_PT_1_SESS_60_MIN,81_PT_1_SESS_60_MIN,81_PT_NMP_1_SESS_60_MIN,81 LL Personal Training 60 Minute - 1,I,PT,81,A,,75.00,95.00
https://ygtcprod2.personifycloud.com/personifyebusiness/YMCA/PersonalTraining.aspx?pid=142152994,142152994,MISC,81_PT_12_SESS_30_MIN,81_PT_12_SESS_30_MIN,81_PT_NMP_12_SESS_30_MIN,81 LL Personal Training 30 Minute - 12,I,PT,81,A,,480.00,720.00
https://ygtcprod2.personifycloud.com/personifyebusiness/YMCA/PersonalTraining.aspx?pid=142153081,142153081,MISC,81_PT_12_SESS_60_MIN,81_PT_12_SESS_60_MIN,81_PT_NMP_12_SESS_60_MIN,81 LL Personal Training 60 Minute - 12,I,PT,81,A,,780.00,1020.00
https://ygtcprod2.personifycloud.com/personifyebusiness/YMCA/PersonalTraining.aspx?pid=142153317,142153317,MISC,81_PT_20_SESS_30_MIN,81_PT_20_SESS_30_MIN,81_PT_NMP_20_SESS_30_MIN,81 LL Personal Training 30 Minute - 20,I,PT,81,A,,640.00,1040.00
https://ygtcprod2.personifycloud.com/personifyebusiness/YMCA/PersonalTraining.aspx?pid=142154335,142154335,MISC,81_PT_20_SESS_60_MIN,81_PT_20_SESS_60_MIN,81_PT_NMP_20_SESS_60_MIN,81 LL Personal Training 60 Minute - 20,I,PT,81,A,,1099.00,1499.00
https://ygtcprod2.personifycloud.com/personifyebusiness/YMCA/PersonalTraining.aspx?pid=180644415,180644415,MISC,81_PT_4_SESS_30_MIN,81_PT_4_SESS_30_MIN,81_PT_NMP_4_SESS_30_MIN,81 LL Personal Training 30 Minute - 4,I,PT,81,A,,180.00,260.00
https://ygtcprod2.personifycloud.com/personifyebusiness/YMCA/PersonalTraining.aspx?pid=180644416,180644416,MISC,81_PT_4_SESS_60_MIN,81_PT_4_SESS_60_MIN,81_PT_NMP_4_SESS_60_MIN,81 LL Personal Training 60 Minute - 4,I,PT,81,A,,280.00,360.00
https://ygtcprod2.personifycloud.com/personifyebusiness/YMCA/PersonalTraining.aspx?pid=180644417,180644417,MISC,81_PT_8_SESS_30_MIN,81_PT_8_SESS_30_MIN,81_PT_NMP_8_SESS_30_MIN,81 LL Personal Training 30 Minute - 8,I,PT,81,A,,340.00,500.00
https://ygtcprod2.personifycloud.com/personifyebusiness/YMCA/PersonalTraining.aspx?pid=180644418,180644418,MISC,81_PT_8_SESS_60_MIN,81_PT_8_SESS_60_MIN,81_PT_NMP_8_SESS_60_MIN,81 LL Personal Training 60 Minute - 8,I,PT,81,A,,540.00,700.00
https://ygtcprod2.personifycloud.com/personifyebusiness/YMCA/PersonalTraining.aspx?pid=142141150,142141150,MISC,82_PT_1_SESS_30_MIN,82_PT_1_SESS_30_MIN,82_PT_NMP_1_SESS_30_MIN,82 EG Personal Training 30 Minute - 1,I,PT,82,A,,50.00,70.00
https://ygtcprod2.personifycloud.com/personifyebusiness/YMCA/PersonalTraining.aspx?pid=142141220,142141220,MISC,82_PT_1_SESS_60_MIN,82_PT_1_SESS_60_MIN,82_PT_NMP_1_SESS_60_MIN,82 EG Personal Training 60 Minute - 1,I,PT,82,A,,75.00,95.00
https://ygtcprod2.personifycloud.com/personifyebusiness/YMCA/PersonalTraining.aspx?pid=142141765,142141765,MISC,82_PT_12_SESS_30_MIN,82_PT_12_SESS_30_MIN,82_PT_NMP_12_SESS_30_MIN,82 EG Personal Training 30 Minute - 12,I,PT,82,A,,480.00,720.00
https://ygtcprod2.personifycloud.com/personifyebusiness/YMCA/PersonalTraining.aspx?pid=142142045,142142045,MISC,82_PT_12_SESS_60_MIN,82_PT_12_SESS_60_MIN,82_PT_NMP_12_SESS_60_MIN,82 EG Personal Training 60 Minute - 12,I,PT,82,A,,780.00,1020.00
https://ygtcprod2.personifycloud.com/personifyebusiness/YMCA/PersonalTraining.aspx?pid=142142073,142142073,MISC,82_PT_20_SESS_30_MIN,82_PT_20_SESS_30_MIN,82_PT_NMP_20_SESS_30_MIN,82 EG Personal Training 30 Minute - 20,I,PT,82,A,,640.00,1040.00
https://ygtcprod2.personifycloud.com/personifyebusiness/YMCA/PersonalTraining.aspx?pid=142142096,142142096,MISC,82_PT_20_SESS_60_MIN,82_PT_20_SESS_60_MIN,82_PT_NMP_20_SESS_60_MIN,82 EG Personal Training 60 Minute - 20,I,PT,82,A,,1099.00,1499.00
https://ygtcprod2.personifycloud.com/personifyebusiness/YMCA/PersonalTraining.aspx?pid=180644419,180644419,MISC,82_PT_4_SESS_30_MIN,82_PT_4_SESS_30_MIN,82_PT_NMP_4_SESS_30_MIN,82 EG Personal Training 30 Minute - 4,I,PT,82,A,,180.00,260.00
https://ygtcprod2.personifycloud.com/personifyebusiness/YMCA/PersonalTraining.aspx?pid=180644420,180644420,MISC,82_PT_4_SESS_60_MIN,82_PT_4_SESS_60_MIN,82_PT_NMP_4_SESS_60_MIN,82 EG Personal Training 60 Minute - 4,I,PT,82,A,,280.00,360.00
https://ygtcprod2.personifycloud.com/personifyebusiness/YMCA/PersonalTraining.aspx?pid=180644421,180644421,MISC,82_PT_8_SESS_30_MIN,82_PT_8_SESS_30_MIN,82_PT_NMP_8_SESS_30_MIN,82 EG Personal Training 30 Minute - 8,I,PT,82,A,,340.00,500.00
https://ygtcprod2.personifycloud.com/personifyebusiness/YMCA/PersonalTraining.aspx?pid=180644422,180644422,MISC,82_PT_8_SESS_60_MIN,82_PT_8_SESS_60_MIN,82_PT_NMP_8_SESS_60_MIN,82 EG Personal Training 60 Minute - 8,I,PT,82,A,,540.00,700.00
https://ygtcprod2.personifycloud.com/personifyebusiness/YMCA/PersonalTraining.aspx?pid=142135931,142135931,MISC,83_PT_1_SESS_30_MIN,83_PT_1_SESS_30_MIN,83_PT_NMP_1_SESS_30_MIN,83 WD Personal Training 30 Minute - 1,I,PT,83,A,,50.00,70.00
https://ygtcprod2.personifycloud.com/personifyebusiness/YMCA/PersonalTraining.aspx?pid=142136221,142136221,MISC,83_PT_1_SESS_60_MIN,83_PT_1_SESS_60_MIN,83_PT_NMP_1_SESS_60_MIN,83 WD Personal Training 60 Minute - 1,I,PT,83,A,,75.00,95.00
https://ygtcprod2.personifycloud.com/personifyebusiness/YMCA/PersonalTraining.aspx?pid=142137469,142137469,MISC,83_PT_12_SESS_30_MIN,83_PT_12_SESS_30_MIN,83_PT_NMP_12_SESS_30_MIN,83 WD Personal Training 30 Minute - 12,I,PT,83,A,,480.00,720.00
https://ygtcprod2.personifycloud.com/personifyebusiness/YMCA/PersonalTraining.aspx?pid=142137771,142137771,MISC,83_PT_12_SESS_60_MIN,83_PT_12_SESS_60_MIN,83_PT_NMP_12_SESS_60_MIN,83 WD Personal Training 60 Minute - 12,I,PT,83,A,,780.00,1020.00
https://ygtcprod2.personifycloud.com/personifyebusiness/YMCA/PersonalTraining.aspx?pid=142138255,142138255,MISC,83_PT_20_SESS_30_MIN,83_PT_20_SESS_30_MIN,83_PT_NMP_20_SESS_30_MIN,83 WD Personal Training 30 Minute - 20,I,PT,83,A,,640.00,1040.00
https://ygtcprod2.personifycloud.com/personifyebusiness/YMCA/PersonalTraining.aspx?pid=142138449,142138449,MISC,83_PT_20_SESS_60_MIN,83_PT_20_SESS_60_MIN,83_PT_NMP_20_SESS_60_MIN,83 WD Personal Training 60 Minute - 20,I,PT,83,A,,1099.00,1499.00
https://ygtcprod2.personifycloud.com/personifyebusiness/YMCA/PersonalTraining.aspx?pid=180644423,180644423,MISC,83_PT_4_SESS_30_MIN,83_PT_4_SESS_30_MIN,83_PT_NMP_4_SESS_30_MIN,83 WD Personal Training 30 Minute - 4,I,PT,83,A,,180.00,260.00
https://ygtcprod2.personifycloud.com/personifyebusiness/YMCA/PersonalTraining.aspx?pid=180644424,180644424,MISC,83_PT_4_SESS_60_MIN,83_PT_4_SESS_60_MIN,83_PT_NMP_4_SESS_60_MIN,83 WD Personal Training 60 Minute - 4,I,PT,83,A,,280.00,360.00
https://ygtcprod2.personifycloud.com/personifyebusiness/YMCA/PersonalTraining.aspx?pid=180644425,180644425,MISC,83_PT_8_SESS_30_MIN,83_PT_8_SESS_30_MIN,83_PT_NMP_8_SESS_30_MIN,83 WD Personal Training 30 Minute - 8,I,PT,83,A,,340.00,500.00
https://ygtcprod2.personifycloud.com/personifyebusiness/YMCA/PersonalTraining.aspx?pid=180644426,180644426,MISC,83_PT_8_SESS_60_MIN,83_PT_8_SESS_60_MIN,83_PT_NMP_8_SESS_60_MIN,83 WD Personal Training 60 Minute - 8,I,PT,83,A,,540.00,700.00
https://ygtcprod2.personifycloud.com/personifyebusiness/YMCA/PersonalTraining.aspx?pid=142047783,142047783,MISC,84_PT_1_SESS_30_MIN,84_PT_1_SESS_30_MIN,84_PT_NMP_1_SESS_30_MIN,84 HU Personal Training 30 Minute - 1,I,PT,84,A,,50.00,70.00
https://ygtcprod2.personifycloud.com/personifyebusiness/YMCA/PersonalTraining.aspx?pid=142047956,142047956,MISC,84_PT_1_SESS_60_MIN,84_PT_1_SESS_60_MIN,84_PT_NMP_1_SESS_60_MIN,84 HU Personal Training 60 Minute - 1,I,PT,84,A,,75.00,95.00
https://ygtcprod2.personifycloud.com/personifyebusiness/YMCA/PersonalTraining.aspx?pid=142049181,142049181,MISC,84_PT_12_SESS_30_MIN,84_PT_12_SESS_30_MIN,84_PT_NMP_12_SESS_30_MIN,84 HU Personal Training 30 Minute - 12,I,PT,84,A,,480.00,720.00
https://ygtcprod2.personifycloud.com/personifyebusiness/YMCA/PersonalTraining.aspx?pid=142133996,142133996,MISC,84_PT_12_SESS_60_MIN,84_PT_12_SESS_60_MIN,84_PT_NMP_12_SESS_60_MIN,84 HUPersonal Training 60 Minute - 12,I,PT,84,A,,780.00,1020.00
https://ygtcprod2.personifycloud.com/personifyebusiness/YMCA/PersonalTraining.aspx?pid=142134126,142134126,MISC,84_PT_20_SESS_30_MIN,84_PT_20_SESS_30_MIN,84_PT_NMP_20_SESS_30_MIN,84 HU Personal Training 30 Minute - 20,I,PT,84,A,,640.00,1040.00
https://ygtcprod2.personifycloud.com/personifyebusiness/YMCA/PersonalTraining.aspx?pid=142134247,142134247,MISC,84_PT_20_SESS_60_MIN,84_PT_20_SESS_60_MIN,84_PT_NMP_20_SESS_60_MIN,84 HU Personal Training 60 Minute - 20,I,PT,84,A,,1099.00,1499.00
https://ygtcprod2.personifycloud.com/personifyebusiness/YMCA/PersonalTraining.aspx?pid=180644427,180644427,MISC,84_PT_4_SESS_30_MIN,84_PT_4_SESS_30_MIN,84_PT_NMP_4_SESS_30_MIN,84 HU Personal Training 30 Minute - 4,I,PT,84,A,,180.00,260.00
https://ygtcprod2.personifycloud.com/personifyebusiness/YMCA/PersonalTraining.aspx?pid=180644428,180644428,MISC,84_PT_4_SESS_60_MIN,84_PT_4_SESS_60_MIN,84_PT_NMP_4_SESS_60_MIN,84 HU Personal Training 60 Minute - 4,I,PT,84,A,,280.00,360.00
https://ygtcprod2.personifycloud.com/personifyebusiness/YMCA/PersonalTraining.aspx?pid=180644429,180644429,MISC,84_PT_8_SESS_30_MIN,84_PT_8_SESS_30_MIN,84_PT_NMP_8_SESS_30_MIN,84 HU Personal Training 30 Minute - 8,I,PT,84,A,,340.00,500.00
https://ygtcprod2.personifycloud.com/personifyebusiness/YMCA/PersonalTraining.aspx?pid=180644430,180644430,MISC,84_PT_8_SESS_60_MIN,84_PT_8_SESS_60_MIN,84_PT_NMP_8_SESS_60_MIN,84 HU Personal Training 60 Minute - 8,I,PT,84,A,,540.00,700.00
https://ygtcprod2.personifycloud.com/personifyebusiness/YMCA/PersonalTraining.aspx?pid=142045434,142045434,MISC,85_PT_1_SESS_30_MIN,85_PT_1_SESS_30_MIN,85_PT_NMP_1_SESS_30_MIN,85 HA Personal Training 30 Minute - 1,I,PT,85,A,,50.00,70.00
https://ygtcprod2.personifycloud.com/personifyebusiness/YMCA/PersonalTraining.aspx?pid=142045515,142045515,MISC,85_PT_1_SESS_60_MIN,85_PT_1_SESS_60_MIN,85_PT_NMP_1_SESS_60_MIN,85 HA Personal Training 60 Minute - 1,I,PT,85,A,,75.00,95.00
https://ygtcprod2.personifycloud.com/personifyebusiness/YMCA/PersonalTraining.aspx?pid=142045609,142045609,MISC,85_PT_12_SESS_30_MIN,85_PT_12_SESS_30_MIN,85_PT_NMP_12_SESS_30_MIN,85 HA Personal Training 30 Minute - 12,I,PT,85,A,,480.00,720.00
https://ygtcprod2.personifycloud.com/personifyebusiness/YMCA/PersonalTraining.aspx?pid=142045705,142045705,MISC,85_PT_12_SESS_60_MIN,85_PT_12_SESS_60_MIN,85_PT_NMP_12_SESS_60_MIN,85 HA Personal Training 60 Minute - 12,I,PT,85,A,,780.00,1020.00
https://ygtcprod2.personifycloud.com/personifyebusiness/YMCA/PersonalTraining.aspx?pid=142045809,142045809,MISC,85_PT_20_SESS_30_MIN,85_PT_20_SESS_30_MIN,85_PT_NMP_20_SESS_30_MIN,85 HA Personal Training 30 Minute - 20,I,PT,85,A,,640.00,1040.00
https://ygtcprod2.personifycloud.com/personifyebusiness/YMCA/PersonalTraining.aspx?pid=142045919,142045919,MISC,85_PT_20_SESS_60_MIN,85_PT_20_SESS_60_MIN,85_PT_NMP_20_SESS_60_MIN,85 HA Personal Training 60 Minute - 20,I,PT,85,A,,1099.00,1499.00
https://ygtcprod2.personifycloud.com/personifyebusiness/YMCA/PersonalTraining.aspx?pid=180644431,180644431,MISC,85_PT_4_SESS_30_MIN,85_PT_4_SESS_30_MIN,85_PT_NMP_4_SESS_30_MIN,85 HA Personal Training 30 Minute - 4,I,PT,85,A,,180.00,260.00
https://ygtcprod2.personifycloud.com/personifyebusiness/YMCA/PersonalTraining.aspx?pid=180644432,180644432,MISC,85_PT_4_SESS_60_MIN,85_PT_4_SESS_60_MIN,85_PT_NMP_4_SESS_60_MIN,85 HA Personal Training 60 Minute - 4,I,PT,85,A,,280.00,360.00
https://ygtcprod2.personifycloud.com/personifyebusiness/YMCA/PersonalTraining.aspx?pid=180644433,180644433,MISC,85_PT_8_SESS_30_MIN,85_PT_8_SESS_30_MIN,85_PT_NMP_8_SESS_30_MIN,85 HA Personal Training 30 Minute - 8,I,PT,85,A,,340.00,500.00
https://ygtcprod2.personifycloud.com/personifyebusiness/YMCA/PersonalTraining.aspx?pid=180644434,180644434,MISC,85_PT_8_SESS_60_MIN,85_PT_8_SESS_60_MIN,85_PT_NMP_8_SESS_60_MIN,85 HA Personal Training 60 Minute - 8,I,PT,85,A,,540.00,700.00
https://ygtcprod2.personifycloud.com/personifyebusiness/YMCA/PersonalTraining.aspx?pid=176896693,176896693,MISC,87_PT_1_SESS_30_MIN,87_PT_1_SESS_30_MIN,87_PT_NMP_1_SESS_30_MIN,87 MCC Personal Training 30 Minute - 1,I,PT,87,A,,50.00,70.00
https://ygtcprod2.personifycloud.com/personifyebusiness/YMCA/PersonalTraining.aspx?pid=176897945,176897945,MISC,87_PT_1_SESS_60_MIN,87_PT_1_SESS_60_MIN,87_PT_NMP_1_SESS_60_MIN,87 MCC Personal Training 60 Minute - 1,I,PT,87,A,,75.00,95.00
https://ygtcprod2.personifycloud.com/personifyebusiness/YMCA/PersonalTraining.aspx?pid=176897979,176897979,MISC,87_PT_12_SESS_30_MIN,87_PT_12_SESS_30_MIN,87_PT_NMP_12_SESS_30_MIN,87 MCC Personal Training 30 Minute - 12,I,PT,87,A,,480.00,720.00
https://ygtcprod2.personifycloud.com/personifyebusiness/YMCA/PersonalTraining.aspx?pid=176898027,176898027,MISC,87_PT_12_SESS_60_MIN,87_PT_12_SESS_60_MIN,87_PT_NMP_12_SESS_60_MIN,87 MCC Personal Training 60 Minute - 12,I,PT,87,A,,780.00,1020.00
https://ygtcprod2.personifycloud.com/personifyebusiness/YMCA/PersonalTraining.aspx?pid=176898092,176898092,MISC,87_PT_20_SESS_30_MIN,87_PT_20_SESS_30_MIN,87_PT_NMP_20_SESS_30_MIN,87 MCC Personal Training 30 Minute - 20,I,PT,87,A,,640.00,1040.00
https://ygtcprod2.personifycloud.com/personifyebusiness/YMCA/PersonalTraining.aspx?pid=176898124,176898124,MISC,87_PT_20_SESS_60_MIN,87_PT_20_SESS_60_MIN,87_PT_NMP_20_SESS_60_MIN,87 MCC Personal Training 60 Minute - 20,I,PT,87,A,,1099.00,1499.00
https://ygtcprod2.personifycloud.com/personifyebusiness/YMCA/PersonalTraining.aspx?pid=180644435,180644435,MISC,87_PT_4_SESS_30_MIN,87_PT_4_SESS_30_MIN,87_PT_NMP_4_SESS_30_MIN,87 MCC Personal Training 30 Minute - 4,I,PT,87,A,,180.00,260.00
https://ygtcprod2.personifycloud.com/personifyebusiness/YMCA/PersonalTraining.aspx?pid=180644436,180644436,MISC,87_PT_4_SESS_60_MIN,87_PT_4_SESS_60_MIN,87_PT_NMP_4_SESS_60_MIN,87 MCC Personal Training 60 Minute - 4,I,PT,87,A,,280.00,360.00
https://ygtcprod2.personifycloud.com/personifyebusiness/YMCA/PersonalTraining.aspx?pid=180644438,180644438,MISC,87_PT_8_SESS_30_MIN,87_PT_8_SESS_30_MIN,87_PT_NMP_8_SESS_30_MIN,87 MCC Personal Training 30 Minute - 8,I,PT,87,A,,340.00,500.00
https://ygtcprod2.personifycloud.com/personifyebusiness/YMCA/PersonalTraining.aspx?pid=180644439,180644439,MISC,87_PT_8_SESS_60_MIN,87_PT_8_SESS_60_MIN,87_PT_NMP_8_SESS_60_MIN,87 MCC Personal Training 60 Minute - 8,I,PT,87,A,,540.00,700.00
https://ygtcprod2.personifycloud.com/personifyebusiness/YMCA/PersonalTraining.aspx?pid=141889889,141889889,MISC,88_PT_1_SESS_30_MIN,88_PT_1_SESS_30_MIN,88_PT_NMP_1_SESS_30_MIN,88 WBA Personal Training 30 Minute - 1,I,PT,88,A,,50.00,70.00
https://ygtcprod2.personifycloud.com/personifyebusiness/YMCA/PersonalTraining.aspx?pid=141890030,141890030,MISC,88_PT_1_SESS_60_MIN,88_PT_1_SESS_60_MIN,88_PT_NMP_1_SESS_60_MIN,88 WBA Personal Training 60 Minute - 1,I,PT,88,A,,75.00,95.00
https://ygtcprod2.personifycloud.com/personifyebusiness/YMCA/PersonalTraining.aspx?pid=141894144,141894144,MISC,88_PT_12_SESS_30_MIN,88_PT_12_SESS_30_MIN,88_PT_NMP_12_SESS_30_MIN,88 WBA Personal Training 30 Minute - 12,I,PT,88,A,,480.00,720.00
https://ygtcprod2.personifycloud.com/personifyebusiness/YMCA/PersonalTraining.aspx?pid=141895613,141895613,MISC,88_PT_12_SESS_60_MIN,88_PT_12_SESS_60_MIN,88_PT_NMP_12_SESS_60_MIN,88 WBA Personal Training 60 Minute - 12,I,PT,88,A,,780.00,1020.00
https://ygtcprod2.personifycloud.com/personifyebusiness/YMCA/PersonalTraining.aspx?pid=141898540,141898540,MISC,88_PT_20_SESS_30_MIN,88_PT_20_SESS_30_MIN,88_PT_NMP_20_SESS_30_MIN,88 WBA Personal Training 30 Minute - 20,I,PT,88,A,,640.00,1040.00
https://ygtcprod2.personifycloud.com/personifyebusiness/YMCA/PersonalTraining.aspx?pid=141899935,141899935,MISC,88_PT_20_SESS_60_MIN,88_PT_20_SESS_60_MIN,88_PT_NMP_20_SESS_60_MIN,88 WBA Personal Training 60 Minute - 20,I,PT,88,A,,1099.00,1499.00
https://ygtcprod2.personifycloud.com/personifyebusiness/YMCA/PersonalTraining.aspx?pid=180644440,180644440,MISC,88_PT_4_SESS_30_MIN,88_PT_4_SESS_30_MIN,88_PT_NMP_4_SESS_30_MIN,88 WBA Personal Training 30 Minute - 4,I,PT,88,A,,180.00,260.00
https://ygtcprod2.personifycloud.com/personifyebusiness/YMCA/PersonalTraining.aspx?pid=180644441,180644441,MISC,88_PT_4_SESS_60_MIN,88_PT_4_SESS_60_MIN,88_PT_NMP_4_SESS_60_MIN,88 WBA Personal Training 60 Minute - 4,I,PT,88,A,,280.00,360.00
https://ygtcprod2.personifycloud.com/personifyebusiness/YMCA/PersonalTraining.aspx?pid=180644442,180644442,MISC,88_PT_8_SESS_30_MIN,88_PT_8_SESS_30_MIN,88_PT_NMP_8_SESS_30_MIN,88 WBA Personal Training 30 Minute - 8,I,PT,88,A,,340.00,500.00
https://ygtcprod2.personifycloud.com/personifyebusiness/YMCA/PersonalTraining.aspx?pid=180644443,180644443,MISC,88_PT_8_SESS_60_MIN,88_PT_8_SESS_60_MIN,88_PT_NMP_8_SESS_60_MIN,88 WBA Personal Training 60 Minute - 8,I,PT,88,A,,540.00,700.00
https://ygtcprod2.personifycloud.com/personifyebusiness/YMCA/PersonalTraining.aspx?pid=141887342,141887342,MISC,89_PT_1_SESS_30_MIN,89_PT_1_SESS_30_MIN,89_PT_NMP_1_SESS_30_MIN,89 SH Personal Training 30 Minute - 1,I,PT,89,A,,50.00,70.00
https://ygtcprod2.personifycloud.com/personifyebusiness/YMCA/PersonalTraining.aspx?pid=141887551,141887551,MISC,89_PT_1_SESS_60_MIN,89_PT_1_SESS_60_MIN,89_PT_NMP_1_SESS_60_MIN,89 SH Personal Training 60 Minute - 1,I,PT,89,A,,75.00,95.00
https://ygtcprod2.personifycloud.com/personifyebusiness/YMCA/PersonalTraining.aspx?pid=141887714,141887714,MISC,89_PT_12_SESS_30_MIN,89_PT_12_SESS_30_MIN,89_PT_NMP_12_SESS_30_MIN,89 SH Personal Training 30 Minute - 12,I,PT,89,A,,480.00,720.00
https://ygtcprod2.personifycloud.com/personifyebusiness/YMCA/PersonalTraining.aspx?pid=141889773,141889773,MISC,89_PT_12_SESS_60_MIN,89_PT_12_SESS_60_MIN,89_PT_NMP_12_SESS_60_MIN,89 SH Personal Training 60 Minute - 12,I,PT,89,A,,780.00,1020.00
https://ygtcprod2.personifycloud.com/personifyebusiness/YMCA/PersonalTraining.aspx?pid=141887837,141887837,MISC,89_PT_20_SESS_30_MIN,89_PT_20_SESS_30_MIN,89_PT_NMP_20_SESS_30_MIN,89 SH Personal Training 30 Minute - 20,I,PT,89,A,,640.00,1040.00
https://ygtcprod2.personifycloud.com/personifyebusiness/YMCA/PersonalTraining.aspx?pid=141887991,141887991,MISC,89_PT_20_SESS_60_MIN,89_PT_20_SESS_60_MIN,89_PT_NMP_20_SESS_60_MIN,89 SH Personal Training 60 Minute - 20,I,PT,89,A,,1099.00,1499.00
https://ygtcprod2.personifycloud.com/personifyebusiness/YMCA/PersonalTraining.aspx?pid=180644444,180644444,MISC,89_PT_4_SESS_30_MIN,89_PT_4_SESS_30_MIN,89_PT_NMP_4_SESS_30_MIN,89 SH Personal Training 30 Minute - 4,I,PT,89,A,,180.00,260.00
https://ygtcprod2.personifycloud.com/personifyebusiness/YMCA/PersonalTraining.aspx?pid=180644445,180644445,MISC,89_PT_4_SESS_60_MIN,89_PT_4_SESS_60_MIN,89_PT_NMP_4_SESS_60_MIN,89 SH Personal Training 60 Minute - 4,I,PT,89,A,,280.00,360.00
https://ygtcprod2.personifycloud.com/personifyebusiness/YMCA/PersonalTraining.aspx?pid=180644446,180644446,MISC,89_PT_8_SESS_30_MIN,89_PT_8_SESS_30_MIN,89_PT_NMP_8_SESS_30_MIN,89 SH Personal Training 30 Minute - 8,I,PT,89,A,,340.00,500.00
https://ygtcprod2.personifycloud.com/personifyebusiness/YMCA/PersonalTraining.aspx?pid=180644447,180644447,MISC,89_PT_8_SESS_60_MIN,89_PT_8_SESS_60_MIN,89_PT_NMP_8_SESS_60_MIN,89 SH Personal Training 60 Minute - 8,I,PT,89,A,,540.00,700.00
,,MISC,0_PT_1_SESS_30_MIN,0_PT_1_SESS_30_MIN,0_PT_NMP_1_SESS_30_MIN,0 Personal Training 30 Minute - 1,I,PT,0,A,,50.00,70.00
,,MISC,0_PT_1_SESS_60_MIN,0_PT_1_SESS_60_MIN,0_PT_NMP_1_SESS_60_MIN,0 Personal Training 60 Minute - 1,I,PT,0,A,,75.00,95.00
,,MISC,0_PT_12_SESS_30_MIN,0_PT_12_SESS_30_MIN,0_PT_NMP_12_SESS_30_MIN,0 Personal Training 30 Minute - 12,I,PT,0,A,,480.00,720.00
,,MISC,0_PT_12_SESS_60_MIN,0_PT_12_SESS_60_MIN,0_PT_NMP_12_SESS_60_MIN,0 Personal Training 60 Minute - 12,I,PT,0,A,,780.00,1020.00
,,MISC,0_PT_20_SESS_30_MIN,0_PT_20_SESS_30_MIN,0_PT_NMP_20_SESS_30_MIN,0 Personal Training 30 Minute - 20,I,PT,0,A,,640.00,1040.00
,,MISC,0_PT_20_SESS_60_MIN,0_PT_20_SESS_60_MIN,0_PT_NMP_20_SESS_60_MIN,0 Personal Training 60 Minute - 20,I,PT,0,A,,1099.00,1499.00
,,MISC,0_PT_4_SESS_30_MIN,0_PT_4_SESS_30_MIN,0_PT_NMP_4_SESS_30_MIN,0 Personal Training 30 Minute - 4,I,PT,0,A,,180.00,260.00
,,MISC,0_PT_4_SESS_60_MIN,0_PT_4_SESS_60_MIN,0_PT_NMP_4_SESS_60_MIN,0 Personal Training 60 Minute - 4,I,PT,0,A,,280.00,360.00
,,MISC,0_PT_8_SESS_30_MIN,0_PT_8_SESS_30_MIN,0_PT_NMP_8_SESS_30_MIN,0 Personal Training 30 Minute - 8,I,PT,0,A,,340.00,500.00
,,MISC,0_PT_8_SESS_60_MIN,0_PT_8_SESS_60_MIN,0_PT_NMP_8_SESS_60_MIN,0 Personal Training 60 Minute - 8,I,PT,0,A,,540.00,700.00